Country,Country Code,HighIncome,OECD,SERF,GDPPC,Education,Health,Housing,Food,Work,EnrollYear,EnrollGDP,EnrollRate,EnrollAdjPerf,PrimaryYear,PrimaryGDP,PrimaryRate,PrimaryAdjPerf,ChildSurviveYear,ChildSurviveGDP,ChildSurviveRate,ChildSurviveAdjPerf,Age65Year,Age65GDP,Age65Rate,Age65AdjPerf,ContraceptiveYear,ContraceptiveGDP,ContraceptiveRate,ContraceptiveAdjPerf,SanitationYear,SanitationGDP,SanitationRate,SanitationAdjPerf,RuralImprovedH20Year,RuralImprovedH20GDP,RuralImprovedH20Rate,RuralImprovedH20AdjPerf,StuntingYear,StuntingGDP,StuntingRate,Stunting AdjPerf,NotPoorYear,NotPoorGDP,NotPoorRate,NotPoorAdjPerf
Aruba,ABW,1,0,,,,,95.07753484,,,2011,36015.07046,83.56725311,77.28425927,,,,,,,,,2011,36015.07046,82.83167109,89.17442474,,,,,2011,36015.07046,97.7,95.54757777,2011,36015.07046,97.8,94.60749192,,,,,,,,
Andorra,ADO,1,0,,,,,,,,,,,,,,,,,,,,,,,,,,,,,,,,,,,,,,,,,,,
Afghanistan,AFG,0,0,,1808.126028,,61.53062968,46.60426202,,,2014,1844.021503,69.51721191,89.97823423,,,,,2015,1808.126028,90.89,79.80713176,2014,1844.021503,58.0367839,75.88844498,2011,1712.58872,19.5,28.89631231,2015,1808.126028,31.9,40.37655929,2015,1808.126028,47,52.83196475,,,,,,,,
Angola,AGO,0,0,,6937.631046,56.2694208,,38.78936818,62.43495078,46.01002212,2011,6524.481181,67.0952301,76.09935514,2011,6524.481181,49.72512817,36.43948646,2015,6937.631046,84.31,52.38452112,2014,6955.960047,46.76532818,43.61583636,,,,,2015,6937.631046,51.6,52.53226211,2015,6937.631046,28.2,25.04647425,2007,5957.757227,70.79999924,62.43495078,2008,6555.964814,45.48,46.01002212
Albania,ALB,0,0,83.98066603,11015.16388,95.30588478,69.63189244,93.05288827,69.84835278,92.06431187,2015,11015.16388,86.38816,90.61176956,2014,10698.5247,107.8213196,100,2015,11015.16388,98.6,97.28091467,2014,10698.5247,87.48040984,98.66428733,2009,9524.648957,10.6,12.95047532,2015,11015.16388,93.2,92.66003222,2015,11015.16388,95.2,93.44574431,2009,9524.648957,76.89999962,69.84835278,2012,10370.3549,93.21,92.06431187
United Arab Emirates,ARE,1,0,,65716.98396,,,96.88937666,,,,,,,2014,63830.70036,102.7079468,100,2015,65716.98396,99.32,98.15505047,2014,63830.70036,85.64639005,92.36349056,,,,,2015,65716.98396,97.6,93.77875333,2015,65716.98396,100,100,,,,,,,,
Argentina,ARG,0,0,92.9091531,19126.34249,100,83.22314824,97.45226265,90.57408471,93.2962699,2014,18872.96661,101.04779,100,2013,19569.62995,100.8773727,100,2015,19126.34249,98.75,97.04510582,2014,18872.96661,81.57606719,88.63243086,2012,19330.5308,53.4,63.99190805,2015,19126.34249,96.4,94.90452529,2015,19126.34249,100,100,2005,15549.5758,91.80000019,90.57408471,2014,18872.96661,95.72,93.2962699
Armenia,ARM,0,0,84.06078243,7906.916569,91.0476378,73.79470236,95.17654012,75.08902748,85.1960044,2015,7906.916569,74.47618,82.0952756,2008,7388.626636,100.1311035,100,2015,7906.916569,98.59,97.91566487,2014,7706.132934,79.70149774,89.63348417,2010,6507.914402,27.2,33.83495805,2015,7906.916569,89.5,90.35308025,2015,7906.916569,100,100,2010,6507.914402,79.20000076,75.08902748,2014,7706.132934,85.38,85.1960044
American Samoa,ASM,0,0,,,,,,,,,,,,,,,,,,,,,,,,,,,,,,,,,,,,,,,,,,,
Antigua and Barbuda,ATG,1,0,,21660.22167,90.33848715,,91.84598973,,,2012,20541.27416,82.03106689,80.6769743,2014,21011.81136,102.272728,100,2015,21660.22167,99.19,98.31984801,2014,21011.81136,81.2058372,87.88856274,,,,,2011,19987.92414,91.4,87.71045665,2015,21660.22167,97.9,95.98152281,,,,,,,,
Australia,AUS,1,1,,43631.23586,,93.11663636,100,100,,2014,43273.85764,116.2323,100,,,,,2015,43631.23586,99.62,99.23896755,2014,43273.85764,90.65379266,99.37690714,2005,38818.84192,68,80.73403439,2015,43631.23586,100,100,2015,43631.23586,100,100,2007,40617.00994,98.20000005,100,,,,
Austria,AUT,1,1,,44048.43145,95.16683132,92.29692352,100,,,2015,44048.43145,95.63781,93.16459217,2014,44122.65041,99.23864746,97.16907047,2015,44048.43145,99.65,99.32906186,2014,44122.65041,89.24850939,97.48431457,2009,42459.9772,67.5,80.07739412,2015,44048.43145,100,100,2015,44048.43145,100,100,,,,,,,,
Azerbaijan,AZE,0,0,79.02451098,16698.86368,85.6346631,62.93562693,75.65705575,74.35211136,96.54309774,2014,16715.10552,75.39504242,75.55087641,2014,16715.10552,98.12570953,95.71844979,2015,16698.86368,96.83,91.116838,2014,16715.10552,75.19750927,80.29327741,2006,10711.18227,14.3,17.39676537,2015,16698.86368,89.3,85.99884726,2015,16698.86368,77.8,65.31526423,2013,16593.18876,82,74.35211136,2008,14364.99423,97.49,96.54309774
Burundi,BDI,0,0,70.28266613,682.944118,87.1341687,80.51175141,100,46.41271629,37.35469427,2013,725.3044314,62.39812088,84.16956548,2014,734.4845955,66.639328,90.09877192,2015,682.944118,91.83,100,2014,734.4845955,53.42883513,100,2010,707.7875756,17.7,41.53525422,2015,682.944118,48,100,2015,682.944118,73.8,100,2010,707.7875756,42.5,46.41271629,2006,689.3479051,7.83,37.35469427
Belgium,BEL,1,1,,41825.87498,81.94178102,92.33701341,99.47411276,,,2014,41274.46739,118.6922684,100,2014,41274.46739,88.39974213,63.88356204,2015,41825.87498,99.59,99.16328622,2014,41274.46739,88.0520754,95.96792031,2010,41086.55159,69,81.8798337,2015,41825.87498,99.5,98.94822552,2015,41825.87498,100,100,,,,,,,,
Benin,BEN,0,0,58.66298785,1931.664951,87.38900994,54.51319643,52.27176472,66.18161513,32.95935302,2013,1875.037163,73.1049118,94.51935931,2014,1942.262992,76.34879303,80.25866058,2015,1931.664951,90.05,76.31376147,2014,1942.262992,58.69862285,75.65956694,2012,1796.633965,7.9,11.56626089,2015,1931.664951,19.7,24.42088466,2015,1931.664951,72.1,80.12264479,2014,1942.262992,66,66.18161513,2011,1761.574331,24.37,32.95935302
Burkina Faso,BFA,0,0,58.09866226,1592.9168,63.26949855,62.09237132,56.7137388,72.17033092,36.2473717,2013,1559.984966,46.53580856,60.84283702,2014,1576.296916,60.5324707,65.69616009,2015,1592.9168,91.14,81.95988272,2014,1576.296916,56.76038411,78.54718146,2014,1576.296916,17,25.77004979,2015,1592.9168,19.7,26.09465812,2015,1592.9168,75.8,87.33281947,2010,1420.932567,64.90000153,72.17033092,2014,1576.296916,25.35,36.2473717
Bangladesh,BGD,0,0,70.04298107,3136.561069,74.78041051,88.89017145,79.08970767,55.73248706,51.72212866,2011,2579.335048,59.21717834,74.76372004,2011,2579.335048,73.53121948,74.79710098,2015,3136.561069,96.24,93.86089602,2014,2979.16727,75.00211634,93.29171044,2013,2843.235044,59.2,79.51790788,2015,3136.561069,60.6,67.32178688,2015,3136.561069,87,90.85762846,2014,2979.16727,63.59999847,55.73248706,2010,2451.305285,43.2,51.72212866
Bulgaria,BGR,0,0,,17000.14214,93.81935605,76.94126799,89.96793399,,93.25701746,2015,17000.14214,90.53091,90.6396415,2014,16302.28881,98.67485809,96.9990706,2015,17000.14214,98.96,97.82898716,2014,16302.28881,78.37225721,84.66549596,2007,14795.85668,40.1,48.32932086,2015,17000.14214,86,81.64180056,2015,17000.14214,99,98.29406741,,,,,2012,15772.06271,95.3,93.25701746
Bahrain,BHR,1,0,,43753.89818,,,99.14100647,,,,,,,,,,,2015,43753.89818,99.38,98.48453899,2014,43014.17988,87.02477953,94.55274536,,,,,2015,43753.89818,99.2,98.28201294,2015,43753.89818,100,100,,,,,,,,
"Bahamas, The",BHS,1,0,,21602.67549,,,92.5304989,,,,,,,2010,22894.25706,93.09858704,82.4021646,2015,21602.67549,98.79,97.06119071,2014,22252.89004,77.92912751,83.35867957,,,,,2015,21602.67549,92,88.12589264,2015,21602.67549,98.4,96.93510517,,,,,,,,
Bosnia and Herzegovina,BIH,0,0,89.36547893,10118.77042,89.06320456,69.46964426,97.30510365,91.49637115,99.49307105,2014,9802.365697,77.98262024,83.20792195,2014,9802.365697,97.09832001,94.91848718,2015,10118.77042,99.46,100,2014,9802.365697,83.61075976,93.74318741,2012,9443.826755,12,14.66574536,2015,10118.77042,94.8,94.6102073,2015,10118.77042,100,100,2012,9443.826755,91.10000038,91.49637115,2011,9523.106752,99.55,99.49307105
Belarus,BLR,0,0,93.65022857,16661.99044,97.23978903,77.97297819,95.48156311,97.5568125,100,2015,16661.99044,99.92988,100,2014,17363.59864,97.61971283,94.47957806,2015,16661.99044,99.54,99.68426269,2014,17363.59864,69.67208283,72.71505519,2012,16906.03765,51.2,61.5196167,2015,16661.99044,94.3,92.48378044,2015,16661.99044,99.1,98.47934577,2005,10850.42836,95.5,97.5568125,2014,17363.59864,100,100
Belize,BLZ,0,0,,7967.766835,91.82251497,80.18270996,95.66038043,76.43630553,,2015,7967.766835,75.97016,83.64502993,2014,8055.42888,102.1257782,100,2015,7967.766835,98.35,97.12943036,2014,8055.42888,72.75181379,79.6151467,2011,7867.204816,51.8,63.80355282,2015,7967.766835,90.5,91.32076085,2015,7967.766835,100,100,2011,7867.204816,80.70000076,76.43630553,,,,
Bermuda,BMU,1,0,,,55.62494653,,,,,2013,50669.31477,65.66256714,48.86221376,2013,50669.31477,88.94348907,62.3876793,,,,,,,,,,,,,,,,,,,,,,,,,,,,
Bolivia,BOL,0,0,77.41985186,6531.073588,99.29285173,69.92545126,62.87370043,66.38020242,88.62705344,2007,4972.552651,83.73825836,98.58570345,2008,5191.213418,102.7947922,100,2015,6531.073588,96.16,90.60105755,2014,6325.068991,68.84408844,75.50001049,2008,5191.213418,34.6,43.67528575,2015,6531.073588,50.3,51.42958218,2015,6531.073588,75.6,74.31781868,2008,5191.213418,72.79999924,66.38020242,2014,6325.068991,87.31,88.62705344
Brazil,BRA,0,0,,14454.93732,,91.24100263,79.69796872,92.91535754,89.42479882,2014,15162.41778,90.67132,91.49907525,,,,,2015,14454.93732,98.36,96.12182955,2014,15162.41778,78.01990382,84.38793606,2006,12532.83953,77,93.21324229,2015,14454.93732,82.8,79.13203836,2015,14454.93732,87,80.26389907,2007,13150.0052,92.9000001,92.91535754,2014,15162.41778,92.44,89.42479882
Barbados,BRB,1,0,,15408.38466,93.44492647,85.06630419,97.33623361,91.41106511,,2011,15404.80135,95.73803711,96.48116234,2014,15318.61424,95.54802704,90.40869059,2015,15408.38466,98.7,97.11931575,2014,15318.61424,83.26614773,91.49447124,2012,15397.1047,55.3,66.58512559,2015,15408.38466,96.2,95.16097908,2015,15408.38466,99.7,99.51148814,2012,15397.1047,92.30000019,91.41106511,,,,
Brunei Darussalam,BRN,1,0,,73604.87963,82.36959368,,,48.30867687,,2015,73604.87963,80.90537,64.73918736,2014,75052.02193,100.5607986,100,2015,73604.87963,98.98,97.05974859,2014,75052.02193,88.67394768,96.26493678,,,,,,,,,,,,,2009,78833.23594,80.29999924,48.30867687,,,,
Bhutan,BTN,0,0,77.2011116,7860.987122,85.88675644,82.46572489,75.44911962,55.16260214,87.0413549,2013,7167.526211,68.24703979,76.34520121,2014,7476.58231,97.01998138,95.42831168,2015,7860.987122,96.71,91.91100827,2014,7476.58231,68.56184939,74.11693334,2010,6485.588497,65.4,81.36923305,2015,7860.987122,50.4,50.89823924,2015,7860.987122,100,100,2010,6485.588497,66.40000153,55.16260214,2012,7120.274077,86.67,87.0413549
Botswana,BWA,0,0,68.67921388,14876.36204,88.47733253,69.58197175,72.16199216,56.4526896,56.72208339,2013,15022.07427,76.93154144,77.69826357,2013,15022.07427,99.66015625,99.25640149,2015,14876.36204,95.64,87.47755733,2014,15200.23871,59.68134543,59.4303702,2008,13617.80695,51.2,61.83798772,2015,14876.36204,63.4,56.36715392,2015,14876.36204,92.3,87.9568304,2007,13065.8637,68.60000038,56.4526896,2009,12329.21671,64.26,56.72208339
Central African Republic,CAF,0,0,69.45326755,581.1361707,55.92640632,68.53420156,94.5501235,83.77568457,44.47992181,2012,919.6975684,42.4890213,56.88607652,2012,919.6975684,44.4225502,54.96673611,2015,581.1361707,86.99,87.61085032,2014,565.5954357,43.06389353,100,2011,900.6397845,9.3,17.99175436,2015,581.1361707,21.8,90.36664028,2015,581.1361707,54.4,98.73360672,2010,888.716861,59.29999924,83.77568457,2008,880.5488724,17.73,44.47992181
Canada,CAN,1,1,,42894.66666,,,98.43854146,,,,,,,2006,41203.3504,96.5304184,87.9657773,2015,42894.66666,99.51,98.90106364,2014,42800.08504,89.83343925,98.2975963,,,,,2015,42894.66666,99.8,99.57324949,2015,42894.66666,99,97.30383343,,,,,,,,
Switzerland,CHE,1,1,,56517.45244,80.61580721,,99.87748705,,,2014,56680.4365,88.09047699,79.58524368,2014,56680.4365,95.35034943,81.64637074,2015,56517.45244,99.61,99.11005348,2014,56680.4365,91.40551846,100,,,,,2015,56517.45244,99.9,99.7549741,2015,56517.45244,100,100,,,,,,,,
Channel Islands,CHI,1,0,,,,,,,,,,,,,,,,,,,,,,,,,,,,,,,,,,,,,,,,,,,
Chile,CHL,1,1,,22197.04271,93.66692639,,92.96674707,100,96.53431148,2015,22197.04271,97.16813,96.81460926,2014,21923.38642,96.30917358,90.51924352,2015,22197.04271,99.19,98.29908941,2014,21923.38642,88.12473193,97.1158548,,,,,2015,22197.04271,99.1,98.62033211,2015,22197.04271,93.3,87.31316204,2014,21923.38642,98.20000005,100,2013,21748.32609,97.95,96.53431148
China,CHN,0,0,,13571.68553,,97.29543161,80.98576825,90.69578025,86.21014243,2015,13571.68553,79.97297,81.62189159,,,,,2015,13571.68553,98.93,98.01031423,2014,12758.64867,84.54976948,93.8759806,2006,6411.042988,84,100,2015,13571.68553,76.5,72.47860375,2015,13571.68553,93,89.49293275,2010,9525.819142,90.60000038,90.69578025,2013,11951.24879,88.91,86.21014243
Cote d'Ivoire,CIV,0,0,55.19801121,3300.072489,62.56655577,44.63483341,48.14987568,68.36652711,52.27226406,2015,3300.072489,55.24694,68.18170555,2014,3097.341369,56.91072083,56.95140599,2015,3300.072489,90.74,75.3432738,2014,3097.341369,42.57138397,41.69275784,2012,2752.989454,12.5,16.86846861,2015,3300.072489,22.5,24.79123341,2015,3300.072489,68.8,71.50851795,2012,2752.989454,70.39999962,68.36652711,2008,2705.126462,44.86,52.27226406
Cameroon,CMR,0,0,62.84036507,2925.887417,81.29462588,50.0785881,53.45974284,64.35290293,65.01596559,2015,2925.887417,71.94519,89.82729135,2014,2835.566677,72.1678009,72.7619604,2015,2925.887417,91.21,77.49753391,2014,2835.566677,49.27325929,53.15319145,2011,2614.495561,14.4,19.58503894,2015,2925.887417,45.8,51.49741818,2015,2925.887417,52.7,55.42206751,2014,2835.566677,68.29999924,64.35290293,2014,2835.566677,56.46,65.01596559
"Congo, Rep.",COG,0,0,55.09976531,5993.153101,72.1901865,59.46109164,27.41903929,74.94820904,41.48030008,2012,5698.126379,67.01712799,77.47923637,2012,5698.126379,74.25460815,66.90113663,2015,5993.153101,95.5,88.71294679,2014,5988.158823,60.98771318,64.58727548,2012,5698.126379,20,25.08305265,2015,5993.153101,15,15.43881474,2015,5993.153101,40,39.39926384,2015,5993.153101,78.79999924,74.94820904,2011,5632.435875,40.38,41.48030008
Colombia,COL,0,0,85.02449083,12988.33879,95.85219445,90.14612802,70.82031088,85.13717663,83.16664418,2015,12988.33879,89.38359,91.70438891,2014,12715.14324,100.6021805,100,2015,12988.33879,98.41,96.42321811,2014,12715.14324,78.33761272,85.38061273,2010,10900.50433,72.9,88.63455323,2015,12988.33879,81.1,78.17293477,2015,12988.33879,73.8,63.467687,2010,10900.50433,87.30000019,85.13717663,2014,12715.14324,86.8,83.16664418
Comoros,COM,0,0,81.20138189,1393.256081,83.06695052,68.79862673,75.11714122,79.02419096,100,2014,1412.36289,64.44814,84.71379046,2013,1417.511495,73.57402802,81.42011058,2015,1393.256081,92.65,89.0099243,2014,1412.36289,62.67253549,95.06627737,2012,1403.245387,14.2,22.31967854,2015,1393.256081,35.8,50.23428243,2015,1393.256081,89.1,100,2012,1403.245387,67.90000153,79.02419096,2004,1449.341054,67.74,100
Cabo Verde,CPV,0,0,,6157.89677,93.17402968,86.45658938,80.54621257,,76.84950601,2015,6157.89677,75.77446,86.65869217,2014,6147.508198,99.77842712,99.68936719,2015,6157.89677,97.55,95.24380067,2014,6147.508198,79.83366051,91.42782825,2005,4646.813934,57.1,72.69813923,2015,6157.89677,72.2,74.1520346,2015,6157.89677,87.3,86.94039055,,,,,2007,5694.337066,74.9,76.84950601
Costa Rica,CRI,0,0,94.32781877,14646.56982,96.78523368,94.67243148,90.31047174,95.25047974,94.62047722,2015,14646.56982,95.07085,96.24703802,2014,14266.38162,98.73825836,97.32342933,2015,14646.56982,99.03,98.22620576,2014,14266.38162,86.05890652,95.53088361,2011,13397.19269,74.7,90.26020506,2015,14646.56982,94.5,93.18211876,2015,14646.56982,91.9,87.43882472,2008,12834.94199,94.4000001,95.25047974,2014,14266.38162,96.07,94.62047722
Cuba,CUB,0,0,,,83.41991019,93.49656615,84.58352101,,,2013,19950.28063,81.50314331,80.37208951,2013,19950.28063,94.40789032,86.46773087,2013,19950.28063,99.43,99.15060347,2013,19950.28063,85.34194816,93.58485764,2011,18924.76327,73.2,87.75423735,2013,19950.28063,93.1,90.10829797,2013,19950.28063,88.1,79.05874404,,,,,,,,
Curacao,CUW,1,0,,,,,,,,,,,,,,,,,,,,,,,,,,,,,,,,,,,,,,,,,,,
Cayman Islands,CYM,1,0,,,,,,,,,,,,,,,,,,,,,,,,,,,,2011,49902.14655,95.6,90.15163635,,,,,,,,,,,,
Cyprus,CYP,1,0,,30603.53135,90.4774429,,100,,,2015,30603.53135,85.66935,81.49234215,2014,29711.25919,99.82537842,99.46254364,2015,30603.53135,99.73,99.76749992,2014,29711.25919,90.61777103,99.86181594,,,,,2015,30603.53135,100,100,2015,30603.53135,100,100,,,,,,,,
Czech Republic,CZE,1,1,,30380.59073,93.49853004,95.07338946,99.19390944,,99.41574801,2014,29119.61661,93.56109619,91.76836209,2014,29119.61661,98.41120148,95.22869799,2015,30380.59073,99.66,99.55190485,2014,29119.61661,85.75070024,93.38063455,2008,29313.64619,77.5,92.28762899,2015,30380.59073,99.1,98.38781888,2015,30380.59073,100,100,,,,,2012,28527.13873,99.7,99.41574801
Germany,DEU,1,1,,43787.81573,98.32535712,89.81019424,99.14067647,100,,2015,43787.81573,97.8706,96.65071425,2014,43417.73061,100.2945099,100,2015,43787.81573,99.63,99.26882039,2014,43417.73061,88.87582871,97.0063769,2005,37703.93294,61.6,73.15538544,2015,43787.81573,99.2,98.28135294,2015,43787.81573,100,100,2005,37703.93294,98.70000005,100,,,,
Djibouti,DJI,0,0,59.95989149,3279.123902,54.56556068,59.5800466,59.78282304,61.07115689,64.79987022,2011,2782.971292,36.80908966,46.16757032,2015,3279.123902,63.66014099,62.96355104,2015,3279.123902,93.47,84.42093099,2014,3120.044328,60.79203177,70.18419054,2012,2879.19705,18,24.13501826,2015,3279.123902,47.4,52.27927532,2015,3279.123902,64.7,67.28637076,2012,2879.19705,66.5,61.07115689,2013,2982.993726,56.95,64.79987022
Dominica,DMA,0,0,,10204.03569,,,85.20993312,,,,,,,2014,10435.7462,106.6465302,100,2015,10204.03569,97.88,95.12289099,,,,,,,,,2007,9655.15077,81.1,80.87128914,2007,9655.15077,91.8,89.54857711,,,,,,,,
Denmark,DNK,1,1,,44041.73487,97.99278381,,99.56809742,,,2014,43920.01695,105.1824036,100,2014,43920.01695,98.91304016,95.98556763,2015,44041.73487,99.65,99.32912642,2014,43920.01695,88.1483778,96.02525936,,,,,2015,44041.73487,99.6,99.13619483,2015,44041.73487,100,100,,,,,,,,
Dominican Republic,DOM,0,0,85.24474763,13371.5288,81.38654022,85.37502787,77.53594954,93.26925695,88.65696356,2014,12638.9713,77.91661072,80.21276012,2014,12638.9713,90.91072083,82.56032031,2015,13371.5288,96.91,91.62859649,2014,12638.9713,75.44758003,81.44237519,2013,11887.54361,68.5,83.05411192,2015,13371.5288,84,81.2248399,2015,13371.5288,81.9,73.84705919,2013,11887.54361,92.9000001,93.26925695,2013,11887.54361,90.88,88.65696356
Algeria,DZA,0,0,,13822.56622,91.52087915,80.10812784,79.25174109,85.99672434,,2011,13026.19166,80.96907043,83.0417583,2014,13553.90607,108.6427383,100,2015,13822.56622,97.45,93.2968001,2014,13553.90607,81.14969671,89.00671941,2012,13209.23176,48,58.02086401,2015,13822.56622,87.6,85.16838586,2015,13822.56622,81.8,73.33509632,2012,13209.23176,88.30000019,85.99672434,,,,
Ecuador,ECU,0,0,82.52854948,10776.57766,97.09394534,85.40883794,75.943446,66.39610038,87.80041776,2013,10665.62262,89.3809433,94.18789069,2014,10922.96342,112.5604172,100,2015,10776.57766,97.84,94.90117072,2014,10922.96342,80.69172826,89.20402011,2004,8311.702585,58.7,72.12132298,2015,10776.57766,84.7,83.71113305,2015,10776.57766,75.5,68.17575895,2012,10322.29471,74.79999924,66.39610038,2014,10922.96342,89.78,87.80041776
"Egypt, Arab Rep.",EGY,0,0,,10249.95791,91.4631589,81.66840189,96.57249462,70.88094231,,2014,10048.57243,78.00697327,82.9263178,2013,10050.03428,103.8235321,100,2015,10249.95791,97.6,94.22360969,2014,10048.57243,74.78836699,81.40362123,2014,10048.57243,56.9,69.37797475,2015,10249.95791,94.7,94.4721686,2015,10249.95791,99,98.67282063,2014,10048.57243,77.70000076,70.88094231,,,,
Eritrea,ERI,0,0,,,44.23257095,,41.65267157,41.19194457,,2010,1326.115392,30.04380035,39.61593819,2010,1326.115392,43.54806137,48.84920371,2011,1411.157638,94.65,96.0423638,2011,1411.157638,56.94349575,83.43597366,,,,,2011,1411.157638,14.9,20.78276788,2011,1411.157638,52.8,62.52257527,2010,1326.115392,49.70000076,41.19194457,,,,
Spain,ESP,1,1,,32329.58792,96.71049372,91.00781669,99.90731263,,,2015,32329.58792,109.28746,100,2014,31297.92566,97.87254333,93.42098745,2015,32329.58792,99.59,99.29462316,2014,31297.92566,90.53083766,99.65899388,2006,33700.88399,62.3,74.06983303,2015,32329.58792,99.9,99.81462526,2015,32329.58792,100,100,,,,,,,,
Estonia,EST,1,1,,27345.24687,98.64736469,85.22526777,96.55650149,,97.04057758,2015,27345.24687,97.83115,97.29472939,2013,26148.48162,106.5163803,100,2015,27345.24687,99.71,99.77790389,2014,26957.23744,80.67697494,86.70956264,2005,22807.1798,57.9,69.18833678,2015,27345.24687,97.2,95.27162891,2015,27345.24687,99,97.84137406,,,,,2012,25691.99875,98.39,97.04057758
Ethiopia,ETH,0,0,61.8714655,1529.893783,65.4088405,81.14594134,47.08910136,60.69070926,55.02273506,2012,1233.952174,54.0721817,71.54293353,2014,1430.803443,53.65982819,59.27474747,2015,1529.893783,94.08,92.88358222,2014,1430.803443,64.26112449,97.61259082,2014,1430.803443,33.9,52.94165096,2015,1529.893783,28,37.69575896,2015,1529.893783,48.6,56.48244377,2014,1430.803443,59.59999847,60.69070926,2010,1075.553702,28.73,55.02273506
Finland,FIN,1,1,,38940.92975,98.67898996,,97.58791578,,,2015,38940.92975,115.41453,100,2014,38987.41962,99.24481201,97.35797993,2015,38940.92975,99.77,99.76160063,2014,38987.41962,88.02303946,95.99830177,,,,,2015,38940.92975,97.6,95.17583156,2015,38940.92975,100,100,,,,,,,,
Fiji,FJI,0,0,,8756.400469,,,90.36738401,,81.60142353,,,,,2013,7970.626336,102.9385834,100,2015,8756.400469,97.76,95.03497521,2014,8348.206772,70.95683361,76.91851142,,,,,2015,8756.400469,91.1,91.43602955,2015,8756.400469,91.2,89.29873848,,,,,2008,7385.259493,81.5,81.60142353
France,FRA,1,1,,37774.99918,,94.47443757,98.7054871,,,2014,37451.37679,96.15029144,94.41568803,,,,,2015,37774.99918,99.57,99.14838295,2014,37451.37679,88.27983282,96.39193763,2008,37634.92905,74,87.88299213,2015,37774.99918,98.7,97.41097421,2015,37774.99918,100,100,,,,,,,,
Faroe Islands,FRO,1,0,,,,,,,,,,,,,,,,,,,,,,,,,,,,,,,,,,,,,,,,,,,
"Micronesia, Fed. Sts.",FSM,0,0,,3284.134639,,,76.92181822,,67.5266955,,,,,,,,,2015,3284.134639,96.53,94.5546256,2014,3177.392591,72.52850551,88.26991996,,,,,2015,3284.134639,57.1,62.96259043,2015,3284.134639,87.4,90.88104601,,,,,2013,3299.664018,60.65,67.5266955
Gabon,GAB,0,0,,18860.21415,,57.77269046,38.67214229,74.52174542,65.33590916,,,,,,,,,2015,18860.21415,94.92,84.96973191,2014,18536.76837,64.19890125,65.17767149,2012,17594.95633,19.3,23.17066798,2015,18860.21415,41.9,29.16587634,2015,18860.21415,66.7,48.17840825,2012,17594.95633,82.5,74.52174542,2005,17316.60344,75.57,65.33590916
United Kingdom,GBR,1,1,,38519.4913,,98.64872116,99.19359466,,,2014,37983.13319,99.8108902,99.7213597,,,,,2015,38519.4913,99.58,99.1702275,2014,37983.13319,88.72579547,96.96830143,2009,35795.1837,84,99.80763454,2015,38519.4913,99.2,98.38718933,2015,38519.4913,100,100,,,,,,,,
Georgia,GEO,0,0,86.08827974,9015.887767,96.639856,77.38998289,93.2421142,90.1622691,73.00717652,2015,9015.887767,86.32549,93.279712,2014,8749.156145,116.4574203,100,2015,9015.887767,98.81,98.32610064,2014,8749.156145,81.0372635,90.7622619,2010,6733.783769,34.7,43.08158613,2015,9015.887767,86.3,86.48422839,2015,9015.887767,100,100,2009,6254.655079,88.69999981,90.1622691,2014,8749.156145,74.73,73.00717652
Ghana,GHA,0,0,69.48594139,3954.523716,93.55838453,60.07667965,51.00430042,82.51041252,60.27992983,2015,3954.523716,71.96935,87.11676905,2015,3954.523716,101.1004715,100,2015,3954.523716,93.84,84.76925396,2014,3894.004399,60.20949382,66.73996692,2014,3894.004399,22.2,28.72081806,2015,3954.523716,14.9,16.00173941,2015,3954.523716,84,86.00686144,2014,3894.004399,81.29999924,82.51041252,2005,2557.426725,50.96,60.27992983
Gibraltar,GIB,1,0,,,,,,,,,,,,,,,,,,,,,,,,,,,,,,,,,,,,,,,,,,,
Guinea,GIN,0,0,64.5210686,1135.48655,70.90750766,61.87926264,58.21100907,77.45794717,54.14961647,2014,1165.12982,53.11494827,70.45657496,2014,1165.12982,61.75585175,71.35844037,2015,1135.48655,90.63,84.70604299,2014,1165.12982,56.46795013,93.2750547,2012,1197.488792,4.59,7.656690231,2015,1135.48655,20.1,31.59977283,2015,1135.48655,67.4,84.8222453,2012,1197.488792,64.20000076,77.45794717,2012,1197.488792,31.35,54.14961647
"Gambia, The",GMB,0,0,,1577.569039,72.90095702,61.18527009,87.87848628,89.16408342,,2010,1654.908123,55.69942856,72.57668086,2014,1555.529349,67.31471252,73.22523319,2015,1577.569039,93.11,89.05303769,2014,1555.529349,58.42250846,82.26036817,2013,1592.650323,8.1,12.24240441,2015,1577.569039,58.9,78.31683837,2015,1577.569039,84.4,97.44013419,2013,1592.650323,75,89.16408342,,,,
Guinea-Bissau,GNB,0,0,60.17510828,1367.298975,74.50444781,58.69053298,50.70821114,90.82938601,26.14296347,2006,1262.150653,59.97521973,79.27042623,2010,1326.560109,62.17481995,69.73846938,2015,1367.298975,90.75,82.39235121,2014,1336.462391,52.70671997,77.16889993,2010,1326.560109,10.3,16.5103478,2015,1367.298975,20.8,29.45105226,2015,1367.298975,60.3,71.96537003,2014,1336.462391,72.39999962,90.82938601,2010,1326.560109,16.41,26.14296347
Equatorial Guinea,GNQ,0,0,,38243.35424,,43.86618281,30.18709465,45.0262396,,,,,,2012,47829.65765,51.23036957,7.304772584,2015,38243.35424,90.59,70.94156319,2014,42926.02595,54.17027189,50.81594329,2011,45500.22679,8.3,9.841041962,2015,38243.35424,74.5,55.22482588,2015,38243.35424,31.5,5.149363424,2010,44015.35331,73.79999924,45.0262396,,,,
Greece,GRC,1,1,,24094.79419,96.08467419,,99.20189713,,,2014,23989.13624,105.78492,100,2013,23746.08457,97.08522034,92.16934837,2015,24094.79419,99.54,99.33550545,2014,23989.13624,88.7125056,97.71091541,,,,,2015,24094.79419,99,98.40379427,2015,24094.79419,100,100,,,,,,,,
Grenada,GRD,0,0,,12734.26205,90.15924636,,95.39564953,,,2015,12734.26205,99.78973,100,2014,12041.2442,89.43544006,80.31849272,2015,12734.26205,98.82,97.75180312,2014,12041.2442,77.68915216,84.68645293,,,,,2015,12734.26205,98,97.67599814,2015,12734.26205,95.3,93.11530092,,,,,,,,
Greenland,GRL,1,0,,,,,,,,,,,,,,,,,,,,,,,,,,,,,,,,,,,,,,,,,,,
Guatemala,GTM,0,0,68.3733633,7252.949966,78.98587581,76.69922198,75.10947034,34.78421405,76.28803431,2013,6962.810589,68.93016052,77.4409406,2014,7106.392331,86.6244278,80.53081102,2015,7252.949966,97.09,93.31868261,2014,7106.392331,74.00615222,82.10040221,2009,6622.906311,44,54.67858113,2015,7252.949966,63.9,64.86000718,2015,7252.949966,86.8,85.3589335,2015,7252.949966,53.5,34.78421405,2014,7106.392331,75.95,76.28803431
Guam,GUM,1,0,,,,,,,,,,,,,,,,,,,,,,,,,,,,,,,,,,,,,,,,,,,
Guyana,GUY,0,0,,7064.450025,78.06621221,70.62187,91.61616239,88.43354508,,2012,6348.666915,68.53813934,78.04250258,2012,6348.666915,84.07089233,78.08992183,2015,7064.450025,96.06,90.07829915,2014,6886.960283,66.42227715,71.5388947,2009,5560.188129,40,50.24841617,2015,7064.450025,83.7,85.10684188,2015,7064.450025,98.3,98.1254829,2014,6886.960283,88,88.43354508,,,,
"Hong Kong SAR, China",HKG,1,0,,53462.863,93.06374806,,,,,2014,52652.32438,93.13606262,88.38985294,2014,52652.32438,99.44406128,97.73764317,,,,,2014,52652.32438,92.11833552,100,2007,45937.44253,75.4,89.39269383,,,,,,,,,,,,,,,,
Honduras,HND,0,0,81.43539198,4785.444354,85.26487945,89.3681063,85.74104647,74.53516731,72.26776037,2014,4682.99035,68.9246521,81.76644986,2014,4682.99035,90.7219696,88.76330904,2015,4785.444354,97.96,97.44294257,2014,4682.99035,76.61371752,89.28813023,2012,4548.312844,63.8,81.37324608,2015,4785.444354,82.6,86.78425922,2015,4785.444354,83.8,84.69783371,2012,4548.312844,77.29999924,74.53516731,2014,4682.99035,68.79,72.26776037
Croatia,HRV,1,0,,20663.92949,89.21578371,,97.50943935,,96.3402722,2014,20162.7389,89.90434265,89.1990987,2014,20162.7389,95.61401367,89.23246873,2015,20663.92949,99.57,99.55963244,2014,20162.7389,84.52074044,92.45150152,,,,,2015,20663.92949,97,95.58438193,2015,20663.92949,99.7,99.43449677,,,,,2012,20313.48265,97.76,96.3402722
Haiti,HTI,0,0,,1650.59349,,74.06148059,45.25483214,95.6325542,41.3586543,,,,,,,,,2015,1650.59349,93.1,88.48951059,2014,1652.709002,61.75700074,86.3218353,2012,1584.891307,31.3,47.37309589,2015,1650.59349,27.6,36.0664594,2015,1650.59349,47.6,54.44320489,2012,1584.891307,78.10000038,95.6325542,2012,1584.891307,29.01,41.3586543
Hungary,HUN,1,1,,24831.34606,89.85688036,,98.3848788,,99.10143162,2015,24831.34606,90.17017,88.39765407,2014,24016.30038,96.77620697,91.31610664,2015,24831.34606,99.41,98.90306106,2014,24016.30038,77.63369029,82.82123215,,,,,2015,24831.34606,98,96.7697576,2015,24831.34606,100,100,,,,,2012,22480.74622,99.48,99.10143162
Indonesia,IDN,0,0,69.27452848,10385.32332,90.98713602,80.18644987,66.41986439,49.57115122,59.20804091,2014,10031.32195,77.09169769,81.97427203,2014,10031.32195,102.8928909,100,2015,10385.32332,97.28,93.18234431,2014,10031.32195,71.29050761,76.56706757,2012,9282.706005,57.9,70.80993772,2015,10385.32332,60.8,59.2734193,2015,10385.32332,79.5,73.56630949,2013,9672.59543,63.59999847,49.57115122,2014,10031.32195,63.56,59.20804091
Isle of Man,IMY,1,0,,,,,,,,,,,,,,,,,,,,,,,,,,,,,,,,,,,,,,,,,,,
India,IND,0,0,64.78074992,5729.777238,88.85329542,76.09284432,66.78351862,47.94700107,44.22709019,2014,5391.694148,70.84213,82.51902298,2013,5089.580706,96.20903778,95.18756786,2015,5729.777238,95.23,87.97254466,2014,5391.694148,69.71465399,77.90137861,2008,3786.750098,48.1,62.4046097,2015,5729.777238,39.6,40.91025828,2015,5729.777238,92.6,92.65677895,2014,5391.694148,61.29999924,47.94700107,2011,4634.945162,42.04,44.22709019
Ireland,IRL,1,1,,61378.36025,,89.97101532,85.25252945,,,2014,48885.61981,107.91864,100,,,,,2015,61378.36025,99.64,99.1779711,2014,48885.61981,89.69928679,97.97482807,2005,48918.86291,61.4,72.76024678,2015,61378.36025,90.5,77.48607283,2015,61378.36025,97.8,93.01898607,,,,,,,,
"Iran, Islamic Rep.",IRN,0,0,,,93.88871375,86.14620052,86.93904218,,99.03678244,2014,16507.02425,87.53386688,87.77742749,2012,16548.94277,102.1859283,100,2014,16507.02425,98.39,96.05987498,2014,16507.02425,85.2575436,93.97485802,2011,17949.24442,57,68.40386855,2014,16507.02425,89.9,86.84081483,2014,16507.02425,92.1,87.03726953,,,,,2013,16023.154,99.34,99.03678244
Iraq,IRQ,0,0,,14458.85354,,69.71943294,69.76562265,69.63899526,,,,,,2007,11561.8056,66.65807343,45.833623,2015,14458.85354,96.8,91.18243865,2014,14492.6248,72.76574071,77.36073311,2011,13203.0478,33.6,40.61512704,2015,14458.85354,85.6,82.46160598,2015,14458.85354,70.1,57.06963931,2011,13203.0478,77.39999962,69.63899526,,,,
Iceland,ISL,1,1,,42324.56007,95.34193922,,98.73540459,,,2013,40853.88289,102.55985,100,2012,39695.61784,97.29351044,90.68387844,2015,42324.56007,99.8,99.81719536,2014,41139.90586,91.96653195,100,,,,,2015,42324.56007,98.8,97.47080918,2015,42324.56007,100,100,,,,,,,,
Israel,ISR,1,1,,31970.68889,96.03796534,,100,,,2014,31812.62875,94.06388855,92.07593069,2014,31812.62875,102.3713226,100,2015,31970.68889,99.6,99.33256033,2014,31812.62875,90.73542519,99.90631622,,,,,2015,31970.68889,100,100,2015,31970.68889,100,100,,,,,,,,
Italy,ITA,1,1,,34219.76149,93.87749706,,99.52408711,,,2014,33938.45961,91.05167,87.75499411,2013,34219.83292,100.0496063,100,2015,34219.76149,99.65,99.45117182,2014,33938.45961,91.43136021,100,,,,,2015,34219.76149,99.5,99.04817422,2015,34219.76149,100,100,,,,,,,,
Jamaica,JAM,0,0,,8333.484528,,90.53987658,84.87934056,97.08173339,91.29337696,,,,,,,,,2015,8333.484528,98.43,97.28256807,2014,8281.007192,80.5033203,90.3266333,2009,8376.293353,68.4,84.01042837,2015,8333.484528,81.8,82.32680732,2015,8333.484528,89.4,87.4318738,2012,8242.897343,94.30000019,97.08173339,2004,8588.848967,91.84,91.29337696
Jordan,JOR,0,0,,10239.6643,78.49072734,79.2397904,94.220002,92.80545507,,2012,10243.48484,76.40460205,80.99187152,2011,10324.44669,85.97956848,75.98958316,2015,10239.6643,98.21,96.16718141,2014,10242.04049,81.06923968,90.01164485,2012,10243.48484,42.3,51.54054495,2015,10239.6643,98.6,98.53925814,2015,10239.6643,92.3,89.90074587,2012,10243.48484,92.19999981,92.80545507,,,,
Japan,JPN,1,1,,37872.46177,92.75213456,84.13037482,100,88.59879928,,2014,37365.18222,89.84247,85.50426912,2012,36386.82246,102.0557022,100,2015,37872.46177,99.73,99.6495979,2014,37365.18222,90.97104633,99.98404423,2005,35658.19236,44.4,52.75748233,2015,37872.46177,100,100,2015,37872.46177,100,100,2010,35749.77121,92.9000001,88.59879928,,,,
Kazakhstan,KAZ,0,0,87.14849086,23522.29052,95.43389454,75.48676578,84.59509579,80.68129446,99.54540372,2015,23522.29052,92.07621002,90.86778909,2015,23522.29052,113.0070114,100,2015,23522.29052,98.59,96.36186609,2014,23586.05646,68.72748703,70.88087362,2011,21277.70637,49.5,59.21755762,2015,23522.29052,97.5,96.07414488,2015,23522.29052,85.6,73.11604671,2010,20096.91807,86.89999962,80.68129446,2013,22972.80187,99.74,99.54540372
Kenya,KEN,0,0,68.317024,2901.012941,92.67737855,77.32979663,46.84207253,74.27251373,50.46335854,2009,2404.92276,67.21864319,85.35475711,2014,2818.525658,103.5083694,100,2015,2901.012941,95.06,90.40565207,2014,2818.525658,59.78506101,70.03618049,2014,2818.525658,53.2,71.54755734,2015,2901.012941,30.1,33.89686882,2015,2901.012941,56.8,59.78727623,2014,2818.525658,74,74.27251373,2005,2267.943536,41.15,50.46335854
Kyrgyz Republic,KGZ,0,0,92.14887586,3224.931753,99.18488918,79.26049897,94.8922973,94.82387962,92.58281427,2014,3181.642163,79.41893768,98.36977835,2014,3181.642163,105.0050125,100,2015,3224.931753,97.87,99.10583934,2014,3181.642163,72.1968327,87.73012633,2014,3181.642163,38.5,50.94553123,2015,3224.931753,93.3,100,2015,3224.931753,86.2,89.78459459,2014,3181.642163,87.10000038,94.82387962,2014,3181.642163,82.53,92.58281427
Cambodia,KHM,0,0,75.20021923,3278.221215,87.8077968,78.02856725,59.31534978,60.22645477,90.62292757,2008,2442.923759,62.51887131,79.28701071,2014,3112.630513,96.29795837,96.32858289,2015,3278.221215,97.13,96.55370194,2014,3112.630513,70.97551199,86.1797572,2014,3112.630513,38.7,51.3522426,2015,3278.221215,42.4,46.76661959,2015,3278.221215,69.1,71.86407998,2014,3112.630513,66.5,60.22645477,2012,2795.168993,78.42,90.62292757
Kiribati,KIR,0,0,,1873.496969,96.70339204,69.9226338,53.10099244,,85.39333851,2008,1829.885206,72.13037872,93.40678409,2014,1842.196049,112.3611832,100,2015,1873.496969,94.41,91.70956388,2014,1842.196049,67.10290432,92.28941247,2009,1796.333801,17.6,25.76892504,2015,1873.496969,39.7,49.67888709,2015,1873.496969,50.6,56.52309778,,,,,2006,1905.051997,65.33,85.39333851
St. Kitts and Nevis,KNA,1,0,,23562.94177,70.55512987,,88.98571788,,,2015,23562.94177,84.72582,82.49431993,2014,22967.99655,82.11640167,58.61593982,2015,23562.94177,98.95,97.49455419,,,,,,,,,2007,21662.63277,87.3,81.36835101,2015,23562.94177,98.3,96.60308476,,,,,,,,
"Korea, Rep.",KOR,1,1,,34386.57488,98.14267532,93.98521302,86.94962744,99.55186464,,2013,32684.31908,97.26966858,96.28535064,2013,32684.31908,103.2169724,100,2015,34386.57488,99.66,99.47993518,2014,33639.60763,90.19504208,99.09799157,2009,28716.09789,70,83.3777123,2015,34386.57488,100,100,2012,31901.07293,87.9,73.89925487,2010,30440.40368,97.5,99.55186464,,,,
Kosovo,KSV,0,0,,9142.148032,,,,,96.23856421,,,,,,,,,,,,,,,,,,,,,,,,,,,,,,,,,2013,8585.481889,96.48,96.23856421
Kuwait,KWT,1,0,,70107.45766,77.82713473,,98.28306755,88.38632367,,2013,74181.33029,75.24163818,55.65426946,2013,74181.33029,103.0464096,100,2015,70107.45766,99.14,97.57345688,2014,71385.34753,85.16038727,91.64239476,,,,,2015,70107.45766,100,100,2015,70107.45766,99,96.56613509,2014,71385.34753,94.19999981,88.38632367,,,,
Lao PDR,LAO,0,0,65.23486913,5345.261406,87.04968009,70.35297853,71.69579989,40.91788314,56.158004,2015,5345.261406,63.54023,74.09936018,2014,5063.172934,100.3357162,100,2015,5345.261406,93.33,82.03381562,2014,5063.172934,67.55361635,75.26644022,2012,4486.273211,42.1,53.75867975,2015,5345.261406,70.9,73.69513464,2015,5345.261406,69.4,69.69646513,2011,4222.178629,56.20000076,40.91788314,2012,4486.273211,53.14,56.158004
Lebanon,LBN,0,0,,13089.0123,62.11939424,79.95640701,88.07285598,,,2015,13089.0123,63.42574,65.01119569,2013,14045.98451,78.10948944,59.22759279,2015,13089.0123,99.17,98.82187256,2014,13470.48897,89.08279357,99.86850747,2004,12328.81169,34,41.17884099,2015,13089.0123,80.7,77.64417366,2015,13089.0123,99,98.5015383,,,,,,,,
Liberia,LBR,0,0,,784.5813313,,79.85136226,64.7420033,100,63.3018407,,,,,2014,803.6551766,58.83306122,76.5137609,2015,784.5813313,93.01,100,2014,803.6551766,59.79162914,100,2013,817.1783953,19.1,39.55408677,2015,784.5813313,16.9,37.47607357,2015,784.5813313,62.6,92.00793303,2013,817.1783953,67.90000153,100,2007,655.1178472,10.39,63.3018407
Libya,LBY,0,0,,,,68.11748771,,62.17223536,,,,,,,,,,2011,11023.43714,98.24,96.1351839,2011,11023.43714,76.96927389,84.03435079,2007,28396.03244,20.3,24.18292843,2011,11023.43714,96.6,96.32333188,,,,,2007,28396.03244,79,62.17223536,,,,
St. Lucia,LCA,0,0,,10278.98027,88.68542445,82.43063945,92.1368035,100,,2007,10776.75855,73.53263092,77.3708489,2007,10776.75855,107.5979691,100,2015,10278.98027,98.57,97.30622343,2014,10115.03863,78.40138615,86.37680921,2012,10218.00566,52.2,63.60888572,2015,10278.98027,90.5,90.08801208,2015,10278.98027,95.6,94.18559491,2012,10218.00566,97.5,100,,,,
Liechtenstein,LIE,1,0,,,,,,,,,,,,,,,,,,,,,,,,,,,,,,,,,,,,,,,,,,,
Sri Lanka,LKA,0,0,86.70335863,11047.66697,89.99674113,83.7782034,93.9322998,82.44294197,83.36660685,2013,10238.70881,78.84295654,83.58238379,2014,10642.05628,98.0389328,96.41109847,2015,11047.66697,99.02,98.61111895,2014,10642.05628,79.72734545,87.9856347,2007,7392.478366,52.4,64.73785654,2015,11047.66697,95.1,94.69899905,2015,11047.66697,95,93.16560054,2012,9980.02157,85.30000019,82.44294197,2012,9980.02157,85.41,83.36660685
Lesotho,LSO,0,0,57.18147133,2770.19959,77.63695989,60.88824948,57.93650685,62.09034415,27.35529627,2014,2759.634243,62.78968811,78.81255057,2014,2759.634243,75.65151215,76.46136921,2015,2770.19959,90.98,77.02597655,2014,2759.634243,31.53796365,24.96858245,2014,2759.634243,59.8,80.67018943,2015,2770.19959,30.3,34.41863214,2015,2770.19959,77,81.45438155,2014,2759.634243,66.79999924,62.09034415,2010,2405.312328,22.72,27.35529627
Lithuania,LTU,1,0,,26807.18229,96.85188352,79.41706036,83.99952596,,96.39465835,2014,26133.64902,94.82037354,93.70376705,2014,26133.64902,101.1579132,100,2015,26807.18229,99.48,99.06792008,2014,26133.64902,74.76850304,78.83528767,2006,20210.8174,50.4,60.34797333,2015,26807.18229,92.4,87.50422766,2015,26807.18229,90.4,80.49482425,,,,,2012,24041.88997,97.97,96.39465835
Luxembourg,LUX,1,1,,92468.13997,45.47123371,,96.33192663,,,2012,87126.10528,77.31008148,56.29635623,2013,88836.12845,81.9708786,34.64611118,2015,92468.13997,99.81,99.60822814,2014,90297.55702,89.61213384,97.39738435,,,,,2015,92468.13997,97.6,92.66385327,2015,92468.13997,100,100,,,,,,,,
Latvia,LVA,1,1,,23080.36069,96.26348876,,89.09694927,,95.72541797,2014,22282.02568,93.35195923,92.52697752,2014,22282.02568,104.854538,100,2015,23080.36069,99.21,98.33006277,2014,22282.02568,75.39167235,79.94077729,,,,,2015,23080.36069,87.8,81.55644315,2015,23080.36069,98.3,96.63745539,,,,,2012,20786.49042,97.41,95.72541797
"Macao SAR, China",MAC,1,0,,104718.2625,,,,,,2015,104718.2625,88.61391,74.38847124,,,,,,,,,2014,133675.785,90.62256534,98.55622501,,,,,,,,,,,,,,,,,,,,
St. Martin (French part),MAF,1,0,,,,,,,,,,,,,,,,,,,,,,,,,,,,,,,,,,,,,,,,,,,
Morocco,MAR,0,0,83.29424052,7364.766283,90.15716029,85.80326883,69.81912238,84.05733533,86.63431578,2013,7063.302528,71.63932037,80.31432058,2014,7142.656886,101.7468872,100,2015,7364.766283,97.24,93.76209445,2014,7142.656886,81.91583134,93.25972048,2011,6746.899456,56.7,70.38799155,2015,7364.766283,76.7,77.77464083,2015,7364.766283,65.3,61.86360392,2011,6746.899456,85.10000038,84.05733533,2006,5734.168721,84.5,86.63431578
Monaco,MCO,1,0,,,,,,,,,,,,,,,,,,,,,,,,,,,,,,,,,,,,,,,,,,,
Moldova,MDA,0,0,89.30314656,4742.019069,86.70745556,78.47607576,81.3322015,100,100,2015,4742.019069,70.27179,83.23367181,2014,4762.780873,91.96939087,90.1812393,2015,4742.019069,98.42,98.97602379,2014,4762.780873,72.34484118,82.83390951,2012,4150.504763,41.7,53.61829396,2015,4742.019069,76.4,80.34611079,2015,4742.019069,81.4,82.31829221,2012,4150.504763,93.5999999,100,2014,4762.780873,98.97,100
Madagascar,MDG,0,0,49.88445339,1376.260108,81.87381919,81.15901195,29.49848766,42.07860821,14.81233995,2014,1373.073796,66.20352,87.14613508,2014,1373.073796,68.78253937,76.60150329,2015,1376.260108,95.04,97.82796238,2014,1373.073796,65.3178624,100,2009,1426.279127,29.2,45.64907346,2015,1376.260108,12,16.93731585,2015,1376.260108,35.3,42.05965947,2009,1426.279127,50.79999924,42.07860821,2012,1374.200465,9.53,14.81233995
Maldives,MDV,0,0,,11993.91077,,76.01120396,97.31261199,73.93279628,73.65821357,,,,,2009,10002.02215,114.3786011,100,2015,11993.91077,99.14,98.85793952,2014,11899.33448,86.0756337,96.24908663,2009,10002.02215,27,32.92658572,2015,11993.91077,97.9,97.63113211,2015,11993.91077,97.9,96.99409186,2009,10002.02215,79.70000076,73.93279628,2009,10002.02215,76.74,73.65821357
Mexico,MEX,0,1,85.54942714,16490.3458,89.01820941,88.7941366,83.96413834,81.68721115,84.28344021,2014,16303.03844,77.76016235,78.03641882,2014,16303.03844,104.7084198,100,2015,16490.3458,98.68,96.97766408,2014,16303.03844,81.83043137,89.35956885,2006,15609.43053,66.5,80.04517686,2015,16490.3458,85.2,80.88490079,2015,16490.3458,92.1,87.04337589,2012,16158.25021,86.39999962,81.68721115,2014,16303.03844,89.05,84.28344021
Marshall Islands,MHL,0,0,,3673.153775,,,91.70080448,,,,,,,2011,3501.48705,99.75409698,99.73972418,2015,3673.153775,96.4,93.52403267,,,,,2007,3372.454415,42.4,55.7129405,2015,3673.153775,76.9,83.40160895,2015,3673.153775,97.6,100,,,,,,,,
"Macedonia, FYR",MKD,0,0,85.16420697,12732.4026,76.73731815,68.98628902,93.93233642,96.66292351,89.50216776,2014,12298.95893,69.36251,71.65864982,2009,11049.37178,89.87657166,81.81598648,2015,12732.4026,99.45,99.750192,2014,12298.95893,82.84367055,91.67931497,2011,11648.2996,12.8,15.52936007,2015,12732.4026,90.9,89.4901456,2015,12732.4026,98.9,98.37452723,2011,11648.2996,95.0999999,96.66292351,2008,11108.85426,91.29,89.50216776
Mali,MLI,0,0,50.83944399,1904.856967,61.11100861,52.90553817,51.07486307,59.41201673,29.69379336,2011,1862.940401,51.08142853,66.07250105,2014,1851.714366,53.06072998,56.14951618,2015,1904.856967,88.53,71.16079076,2014,1851.714366,56.51646814,73.03096759,2013,1781.369293,9.9,14.52485617,2015,1904.856967,24.7,30.74960641,2015,1904.856967,64.1,71.40011974,2006,1772.007301,61.5,59.41201673,2009,1821.836102,22.29,29.69379336
Malta,MLT,1,0,,32719.94634,75.77329279,,100,,,2015,32719.94634,81.14951,75.14307691,2014,31148.09012,91.82834625,76.40350867,2015,32719.94634,99.36,98.56482073,2014,31148.09012,90.52241294,99.65551151,,,,,2015,32719.94634,100,100,2015,32719.94634,100,100,,,,,,,,
Myanmar,MMR,0,0,,4930.589837,73.7783109,74.14543543,79.22039597,56.92197322,,2007,2754.883647,52.11817169,65.42782731,2014,4634.957789,85.07289886,82.12879448,2015,4930.589837,95,87.71044441,2014,4634.957789,66.9399732,75.13111302,2010,3607.767713,45.7,59.59474885,2015,4930.589837,79.6,83.3790103,2015,4930.589837,74.4,75.06178163,2009,3313.996912,64.90000153,56.92197322,,,,
Montenegro,MNE,0,0,87.84837654,15254.30713,87.24400402,66.93000346,96.75625155,89.01320883,99.29841484,2010,14034.55483,88.66264343,90.15363476,2015,15254.30713,92.57817078,84.33437329,2015,15254.30713,99.53,99.75742946,2014,14796.59966,83.28413189,91.62800455,2013,14551.41587,7.8,9.404576381,2015,15254.30713,95.9,94.80666829,2015,15254.30713,99.2,98.70583481,2013,14551.41587,90.60000038,89.01320883,2014,14796.59966,99.5,99.29841484
Mongolia,MNG,0,0,81.70083857,11477.82668,95.83168413,75.73808972,52.19187421,88.0612685,96.6812763,2015,11477.82668,87.89989,91.66336826,2014,11403.34551,109.8543015,100,2015,11477.82668,97.76,94.54446372,2014,11403.34551,67.43212275,70.77719807,2010,7708.580088,50.2,61.89260737,2015,11477.82668,59.7,56.55220837,2015,11477.82668,59.2,47.83154006,2013,10757.30442,89.19999981,88.0612685,2014,11403.34551,97.3,96.6812763
Northern Mariana Islands,MNP,1,0,,,,,,,,,,,,,,,,,,,,,,,,,,,,,,,,,,,,,,,,,,,
Mozambique,MOZ,0,0,54.87201796,1119.697785,67.02886137,62.80796602,39.65161624,71.71373678,33.15790937,2014,1079.667037,58.61745834,78.00502486,2014,1079.667037,47.5577507,56.05269789,2015,1119.697785,92.15,90.64835121,2014,1079.667037,47.27492853,76.64679001,2011,951.8253639,11.3,21.12875683,2015,1119.697785,20.5,32.52709104,2015,1119.697785,37,46.77614144,2011,951.8253639,56.90000153,71.71373678,2008,852.0035861,12.46,33.15790937
Mauritania,MRT,0,0,66.31714045,,63.01329456,54.51903228,50.89977652,78.22129626,84.93230263,2013,3633.179456,49.75878906,60.79745538,2014,3693.542041,67.50243378,65.22913374,2014,3693.542041,91.25,76.54184142,2014,3693.542041,64.5540485,73.88942117,2011,3403.534526,10,13.12583425,2014,3693.542041,39.7,43.02353014,2014,3693.542041,57.1,58.7760229,2012,3511.306284,78,78.22129626,2014,3693.542041,77.93,84.93230263
Mauritius,MUS,0,0,,18864.10567,87.31342798,,95.00366923,,95.56524338,2015,18864.10567,81.2755,80.6237057,2014,18255.86973,97.47383118,94.00315027,2015,18864.10567,98.65,96.74282646,2014,18255.86973,77.81908421,83.63143579,,,,,2015,18864.10567,93.1,90.36773863,2015,18864.10567,99.8,99.63959983,,,,,2012,17093.32094,97.04,95.56524338
Malawi,MWI,0,0,72.48294613,1111.648704,92.3504446,98.34861772,82.6847112,65.00113528,24.02982186,2011,1078.855647,69.12326813,91.98841117,2014,1114.766049,79.33756256,92.71247803,2015,1111.648704,93.6,96.23115406,2014,1114.766049,62.00072897,100,2014,1114.766049,57.4,98.81469909,2015,1111.648704,41,65.36942241,2015,1111.648704,89.1,100,2014,1114.766049,57.59999847,65.00113528,2010,1060.746976,12.36,24.02982186
Malaysia,MYS,0,0,83.21400587,25311.90676,81.9554954,74.69997906,89.72679183,74.08064553,95.60711752,2015,25311.90676,68.93354,63.9109908,2014,24459.71129,102.416748,100,2015,25311.90676,99.3,98.54246127,2014,24459.71129,80.7025884,86.91161267,2004,17864.48259,32.2,38.64586324,2015,25311.90676,96,93.52070422,2015,25311.90676,93,85.93287944,2006,19163.62833,82.79999924,74.08064553,2009,20051.83456,97.29,95.60711752
Namibia,NAM,0,0,66.13716624,9778.405179,77.90225809,72.62367972,57.07874017,69.99547227,53.08568095,2006,7691.126626,70.26069641,77.77267719,2013,9140.473093,86.4988327,78.03183898,2015,9778.405179,95.46,87.49011472,2014,9502.978783,61.15132935,62.70908762,2013,9140.473093,55.3,67.67183682,2015,9778.405179,34.4,33.67614382,2015,9778.405179,84.6,80.48133652,2013,9140.473093,76.89999962,69.99547227,2009,8056.132669,54.28,53.08568095
New Caledonia,NCL,1,0,,,,,,,,,,,,,,,,,,,,,,,,,,,,,,,,,,,,,,,,,,,
Niger,NER,0,0,62.80407604,897.3953205,61.0811042,70.96274151,43.78833355,79.00339656,59.18480436,2012,867.2757121,36.62944031,49.13955951,2014,901.7585957,58.61994934,73.02264888,2015,897.3953205,90.45,88.68616067,2014,901.7585957,62.04208535,100,2012,867.2757121,12.2,24.20206386,2015,897.3953205,10.9,20.71211545,2015,897.3953205,48.6,66.86455166,2012,867.2757121,57,79.00339656,2014,901.7585957,24.54,59.18480436
Nigeria,NGA,0,0,46.83963131,5638.887379,67.75029759,41.26448315,43.69124267,56.89536062,24.5967725,2011,5230.598854,55.64119,65.0750836,2010,5122.813555,76.0451889,70.42551158,2015,5638.887379,89.12,68.27006432,2014,5639.447041,45.91780623,43.19527867,2013,5447.75923,9.8,12.32810646,2015,5638.887379,29,30.0005103,2015,5638.887379,57.3,57.38197504,2014,5639.447041,67.09999847,56.89536062,2009,4879.482138,23.54,24.5967725
Nicaragua,NIC,0,0,,4884.150761,,95.1387627,70.62398673,75.44468977,87.00925658,,,,,2010,4024.227218,85.36607361,83.56475051,2015,4884.150761,97.79,96.8102448,2014,4707.445227,77.65846506,90.77074948,2012,4406.995386,76.5,97.83529382,2015,4884.150761,67.9,71.19113975,2015,4884.150761,69.4,70.05683372,2006,3898.766309,77,75.44468977,2014,4707.445227,82.88,87.00925658
Netherlands,NLD,1,1,,46353.85191,,92.52564616,97.48204611,,,2012,45411.35235,106.9199905,100,,,,,2015,46353.85191,99.62,99.21381704,2014,45668.44147,90.37482585,98.94490928,2008,47134.30299,67,79.41821217,2015,46353.85191,97.7,94.96409223,2015,46353.85191,100,100,,,,,,,,
Norway,NOR,1,1,,63649.50532,94.78421382,98.42968594,97.56543238,,,2015,63649.50532,98.06034,96.33133679,2014,63286.68811,98.45600891,93.23709086,2015,63649.50532,99.74,99.48055182,2014,63286.68811,90.31141161,98.55682686,2005,62888.10035,82.2,97.25167912,2015,63649.50532,98.1,95.13086475,2015,63649.50532,100,100,,,,,,,,
Nepal,NPL,0,0,76.56980954,2312.394345,96.44588486,86.38870796,76.6883498,57.18353311,66.14257198,2015,2312.394345,72.92878,92.89176972,2015,2312.394345,105.7155914,100,2015,2312.394345,96.42,96.6492867,2014,2278.130002,73.5083506,96.94653988,2014,2278.130002,47.1,65.5702973,2015,2312.394345,45.8,54.08932604,2015,2312.394345,91.8,99.28737356,2014,2278.130002,62.59999847,57.18353311,2010,1996.859597,51.56,66.14257198
Nauru,NRU,1,0,,14974.75286,82.73909546,,,73.6662881,,2008,5331.315757,56.12797928,65.47819092,2014,14631.56348,112.4423981,100,2015,14974.75286,96.46,90.06521327,,,,,2007,3955.159742,23,29.71001552,2015,14974.75286,65.6,58.73575502,,,,,2007,3955.159742,76,73.6662881,,,,
New Zealand,NZL,1,1,,35158.64147,,,,,,2014,34653.32948,104.8602829,100,,,,,2015,35158.64147,99.43,98.74535608,2014,34653.32948,89.97510792,98.76064898,,,,,,,,,2015,35158.64147,100,100,,,,,,,,
Oman,OMN,1,0,,37541.07548,84.04078749,68.7941339,80.92412232,72.33118553,,2015,37541.07548,76.92457,68.08157498,2014,37667.03576,108.8127899,100,2015,37541.07548,98.84,96.85876393,2014,37667.03576,84.53195009,91.38670451,2008,46747.37172,15.3,18.13693327,2015,37541.07548,96.7,93.51381953,2015,37541.07548,86.1,68.33442512,2014,37667.03576,85.89999962,72.33118553,,,,
Pakistan,PAK,0,0,62.41734968,4706.184733,64.30279233,63.36359221,78.89493759,38.8008797,66.72454656,2015,4706.184733,50.17408,59.48552803,2014,4588.64098,73.72827148,69.12005664,2015,4706.184733,91.89,77.75406445,2014,4588.64098,69.49973905,79.0029255,2013,4476.900408,26.1,33.33378666,2015,4706.184733,63.5,66.83286002,2015,4706.184733,89.9,90.95701516,2012,4380.236855,55,38.8008797,2013,4476.900408,63.12,66.72454656
Panama,PAN,0,0,81.14829494,20885.33945,87.48257071,85.49559831,72.30328866,73.78054979,86.67946724,2013,19221.59199,75.97368622,74.96514142,2013,19221.59199,101.9718094,100,2015,20885.33945,98.3,95.54526616,2014,20059.12746,82.06720062,89.15277675,2013,19221.59199,59.9,71.78875203,2015,20885.33945,75,65.12806156,2015,20885.33945,88.6,79.47851576,2008,14942.01102,80.89999962,73.78054979,2014,20059.12746,91.63,86.67946724
Peru,PER,0,0,82.01375111,11767.52212,90.64959706,81.92531036,66.48373431,82.06492344,88.94519039,2010,9956.557315,83.62492371,89.02042566,2014,11545.46443,95.90558624,92.27876845,2015,11767.52212,98.31,96.25240559,2014,11545.46443,79.52487206,87.36905392,2013,11430.35114,51.2,62.15447158,2015,11767.52212,76.2,73.77738816,2015,11767.52212,69.2,59.19008045,2014,11545.46443,85.39999962,82.06492344,2014,11545.46443,90.99,88.94519039
Philippines,PHL,0,0,75.26515937,6938.210302,98.45138573,71.52786397,82.33763197,60.3905386,63.61837658,2013,6365.524163,85.13391113,96.90277147,2013,6365.524163,100.970108,100,2015,6938.210302,97.2,93.78445552,2014,6654.487607,67.99123346,73.96721171,2013,6365.524163,37.6,46.83192468,2015,6938.210302,73.9,75.23472512,2015,6938.210302,90.3,89.44053881,2013,6365.524163,69.70000076,60.3905386,2012,6041.777791,62.39,63.61837658
Palau,PLW,0,0,,14385.96881,95.48317454,,89.91193267,,,2013,12841.63204,97.6684494,100,2014,13275.28003,95.5102005,90.96634907,2015,14385.96881,98.36,96.12788598,,,,,,,,,2015,14385.96881,100,100,2011,12947.90758,86,79.82386535,,,,,,,,
Papua New Guinea,PNG,0,0,,,,63.08118423,28.15185668,35.03865133,44.79387533,,,,,2012,2480.274182,78.61135864,80.28082308,2014,2723.493095,94.09,87.55930639,2014,2723.493095,57.32355305,66.60005024,2007,1906.208774,24.3,35.08419607,2014,2723.493095,18.9,21.54024111,2014,2723.493095,32.8,34.76347225,2011,2345.065877,50.5,35.03865133,2009,2058.323659,35.32,44.79387533
Poland,POL,1,1,,25322.53843,95.92544538,,94.53880794,,99.44216393,2013,23554.78871,97.31829834,96.89376251,2013,23554.78871,98.13291168,94.95712825,2015,25322.53843,99.48,99.10884859,2014,24346.20656,81.75413053,88.33268832,,,,,2015,25322.53843,97.2,95.44574239,2015,25322.53843,96.9,93.63187348,,,,,2014,24346.20656,99.69,99.44216393
Puerto Rico,PRI,1,0,,,,,,,,2013,33843.60524,85.03611755,79.80804748,,,,,,,,,2013,33843.60524,85.14367679,92.34277952,,,,,2013,33843.60524,99.3,98.67594578,,,,,,,,,,,,
"Korea, Dem. Peoples Rep.",PRK,0,0,,,,,,,,,,,,,,,,,,,,,,,,,,,,,,,,,,,,,,,,,,,
Portugal,PRT,1,1,,26513.98303,,98.35558444,99.74833558,,,2014,26026.94948,99.06260681,98.85735031,,,,,2015,26513.98303,99.64,99.57919822,2014,26026.94948,88.40897928,97.14113722,2006,26957.63622,82.5,98.34641789,2015,26513.98303,99.7,99.49667117,2015,26513.98303,100,100,,,,,,,,
Paraguay,PRY,0,0,88.92360342,8639.281645,81.83934787,89.03033198,91.40145214,89.77181759,92.57506753,2010,7289.51391,71.58763885,79.88124462,2012,7312.475169,89.08699799,83.79745111,2015,8639.281645,97.95,95.67009661,2014,8501.629171,76.53126117,84.62328252,2008,6892.393397,70,86.79761681,2015,8639.281645,88.6,88.99180166,2015,8639.281645,94.9,93.81110262,2012,7312.475169,89.10000038,89.77181759,2014,8501.629171,93.01,92.57506753
French Polynesia,PYF,1,0,,,,,,,,,,,,,,,,,,,,,,,,,,,,,,,,,,,,,,,,,,,
Qatar,QAT,1,0,,132937.6663,47.51881148,77.45441285,96.34197728,,,2011,132514.4949,62.65798187,27.60613126,2011,132514.4949,94.1280899,67.43149171,2015,132937.6663,99.2,97.63771169,2014,132119.6376,87.90516847,94.97147846,2012,131142.1467,33.7,39.75404838,2015,132937.6663,98,92.68395456,2015,132937.6663,100,100,,,,,,,,
Romania,ROM,0,0,,20483.77531,84.63860859,81.02415136,85.3719952,,93.63008846,2015,20483.77531,83.81723,82.60514199,2012,18292.24762,94.2592392,86.6720752,2015,20483.77531,98.89,97.42302,2014,19667.00543,78.78847747,84.77159054,2005,14655.62239,50.5,60.87784354,2015,20483.77531,79.1,70.74399039,2015,20483.77531,100,100,,,,,2013,19008.71006,95.95,93.63008846
Russian Federation,RUS,0,0,,23895.341,95.3410947,77.69482202,71.21908151,,99.12748439,2014,24873.88501,92.12780762,90.6821894,2014,24873.88501,100.4028015,100,2015,23895.341,99.04,97.76715126,2014,24873.88501,67.86898461,69.6487006,2011,24074.36458,55,65.66861422,2015,23895.341,72.2,59.49138707,2015,23895.341,91.2,82.94677595,,,,,2012,24879.37908,99.52,99.12748439
Rwanda,RWA,0,0,66.89593131,1655.175355,84.00445958,86.46647625,81.30214805,54.35635185,28.35022081,2013,1516.292645,72.75302124,95.27017907,2013,1516.292645,66.56497955,72.73874009,2015,1655.175355,95.83,98.07927289,2014,1584.881421,63.89293781,92.06030051,2011,1397.224691,44,69.25985537,2015,1655.175355,61.6,80.4133275,2015,1655.175355,71.9,82.1909686,2010,1328.572145,55.70000076,54.35635185,2013,1516.292645,19.4,28.35022081
Saudi Arabia,SAU,1,0,,50283.93359,96.41137099,,95.7109615,82.92526333,,2014,49618.85434,95.67571259,92.82274198,2014,49618.85434,110.8983307,100,2015,50283.93359,98.55,95.82606866,2014,49618.85434,82.50133154,88.39246654,,,,,2015,50283.93359,100,100,2015,50283.93359,97,91.42192299,2005,38805.74769,90.69999981,82.92526333,,,,
Sudan,SDN,0,0,53.36267873,4121.137015,55.21565393,54.63169823,38.31734632,50.32057064,68.32812455,2013,3996.731055,47.7047081,57.67548125,2013,3996.731055,56.80924988,52.75582661,2015,4121.137015,92.99,81.81615196,2014,4016.719549,63.63693916,71.59192346,2006,2824.237625,7.8,10.48701928,2014,4016.719549,23.6,25.29504385,2014,4016.719549,50.2,51.3396488,2014,4016.719549,61.79999924,50.32057064,2009,3219.386605,61.06,68.32812455
Senegal,SEN,0,0,66.4899552,2273.624187,64.64547313,70.40856795,64.70200451,90.5387481,42.1549823,2015,2273.624187,53.50991,68.24606148,2014,2201.616672,58.9966507,61.04488478,2015,2273.624187,95.28,92.9122356,2014,2201.616672,68.79053808,89.8715992,2014,2201.616672,20.3,28.44186907,2015,2273.624187,47.6,56.44615173,2015,2273.624187,67.3,72.95785728,2014,2201.616672,80.60000038,90.5387481,2011,2145.768396,33.74,42.1549823
Singapore,SGP,1,0,,80191.53931,,,,,,2009,63610.79114,86.58098,75.96702688,,,,,2015,80191.53931,99.73,99.38863573,2014,79550.90077,90.94627791,99.23725791,,,,,2015,80191.53931,100,100,,,,,,,,,,,,
Solomon Islands,SLB,0,0,66.98032042,2067.129782,81.57599698,78.42763914,60.54376133,70.77560423,43.57860043,2007,1753.262589,55.41804886,71.95852698,2014,2032.485807,87.2719574,91.19346698,2015,2067.129782,97.19,100,2014,2032.485807,70.47875019,95.07024301,2007,1753.262589,27.3,40.21267441,2015,2067.129782,29.8,36.22520719,2015,2067.129782,77.2,84.86231547,2007,1753.262589,67.20000076,70.77560423,2005,1601.674665,30.74,43.57860043
Sierra Leone,SLE,0,0,,1473.913005,,46.57021369,37.10633999,59.67059793,30.8435179,,,,,2013,1854.207016,69.51319122,73.54558742,2015,1473.913005,87.96,71.46641345,2014,1896.715531,41.50710491,45.57658849,2013,1854.207016,15.6,22.66763913,2015,1473.913005,13.3,18.19124491,2015,1473.913005,47.8,56.02143508,2013,1854.207016,62.09999847,59.67059793,2011,1394.477558,20.04,30.8435179
El Salvador,SLV,0,0,86.3311357,8095.558984,91.92554387,86.83679162,79.93139554,84.54908851,88.41285895,2014,7925.991783,76.09676361,83.85108774,2014,7925.991783,104.6170197,100,2015,8095.558984,98.32,96.99652156,2014,7925.991783,74.46161121,82.10249245,2008,7633.133889,66,81.41136086,2015,8095.558984,75,75.60914677,2015,8095.558984,86.5,84.25364431,2014,7925.991783,86,84.54908851,2014,7925.991783,88.71,88.41285895
San Marino,SMR,1,0,,,,,,,,,,,,,,,,,,,,,,,,,,,,,,,,,,,,,,,,,,,
Somalia,SOM,0,0,,,,,,,,,,,,,,,,,,,,,,,,,,,,,,,,,,,,,,,,,,,
Serbia,SRB,0,0,90.70689232,13277.75173,93.5937778,70.09323658,97.03821896,94.57609052,98.23313775,2015,13277.75173,85.20784,87.18755559,2014,13112.86117,101.9012604,100,2015,13277.75173,99.33,99.30862348,2014,13112.86117,80.94839831,88.84616795,2014,13112.86117,18.3,22.12491831,2015,13277.75173,96.4,95.73606909,2015,13277.75173,98.9,98.34036882,2014,13112.86117,94,94.57609052,2013,13294.91185,98.67,98.23313775
South Sudan,SSD,0,0,,1741.098114,,47.52249173,36.49828158,62.38677951,39.70208617,,,,,2011,3461.751039,36.73426056,34.85272199,2015,1741.098114,90.74,79.63886131,2014,1926.052156,50.53437195,61.37204627,2010,3793.962293,1.2,1.556567623,2015,1741.098114,6.7,8.589133327,2015,1741.098114,56.9,64.40742983,2010,3793.962293,68.89999962,62.38677951,2009,3758.330797,36.54,39.70208617
Sao Tome and Principe,STP,0,0,72.77268952,3022.902458,96.29833552,73.32650607,68.4490959,88.60659293,37.18291718,2015,3022.902458,80.26667786,99.91163003,2015,3022.902458,92.43460846,92.68504102,2015,3022.902458,95.27,90.85411072,2014,2969.825501,68.59839161,83.21919943,2009,2588.561233,33.7,45.90620807,2015,3022.902458,34.7,38.7917417,2015,3022.902458,93.6,98.1064501,2014,2969.825501,82.79999924,88.60659293,2010,2701.739477,31.9,37.18291718
Suriname,SUR,0,0,,15687.23164,,76.43792994,77.81772275,89.95357389,,,,,,2014,15872.61477,93.720047,86.40093527,2015,15687.23164,97.87,94.47292782,2014,15872.61477,73.35896397,77.92708626,2010,14510.06756,47.2,56.91377575,2015,15687.23164,79.2,73.98931181,2015,15687.23164,88.4,81.64613369,2010,14510.06756,91.19999981,89.95357389,,,,
Slovak Republic,SVK,1,1,,28254.25579,85.65278676,,98.96435457,,99.21615844,2014,27237.62323,81.85137177,77.88101067,2014,27237.62323,97.72250366,93.42456285,2015,28254.25579,99.27,98.37156024,2014,27237.62323,81.6533746,88.00145859,,,,,2015,28254.25579,98.8,97.92870914,2015,28254.25579,100,100,,,,,2012,26218.4716,99.58,99.21615844
Slovenia,SVN,1,0,,29097.34277,97.75543792,,98.54153364,,99.90346297,2014,28459.91434,98.45760345,98.03612739,2014,28459.91434,99.15605164,97.47474845,2015,29097.34277,99.74,99.83079842,2014,28459.91434,87.79408993,96.15521748,,,,,2015,29097.34277,99.1,98.42196174,2015,29097.34277,99.4,98.66110553,,,,,2012,27971.21588,99.95,99.90346297
Sweden,SWE,1,1,,45505.30273,100,,99.23315471,,,2014,44167.63187,105.1621475,100,2014,44167.63187,101.0283813,100,2015,45505.30273,99.7,99.47236583,2014,44167.63187,91.22017452,100,,,,,2015,45505.30273,99.3,98.46630941,2015,45505.30273,100,100,,,,,,,,
Swaziland,SWZ,0,0,59.32875421,8122.04947,71.03240815,60.99175806,61.15339651,66.79071946,36.67548885,2013,7985.306524,66.73207855,73.44922304,2013,7985.306524,79.00785065,68.61559327,2015,8122.04947,93.93,82.9460858,2014,8085.366674,31.89927855,22.29908108,2010,7594.313461,63,77.73010731,2015,8122.04947,57.5,57.95594918,2015,8122.04947,68.9,64.35084384,2014,8085.366674,74.5,66.79071946,2009,7583.853247,36.88,36.67548885
Sint Maarten (Dutch part),SXM,1,0,,,,,,,,,,,,,,,,,,,,,,,,,,,,,,,,,,,,,,,,,,,
Seychelles,SYC,1,0,,25524.955,86.58816432,,94.28455375,89.04713765,95.57252626,2015,25524.955,77.22563,73.17632865,2014,25218.40909,112.1024017,100,2015,25524.955,98.64,96.45856071,2014,25218.40909,75.25475843,79.54388703,,,,,2015,25524.955,98.4,97.37712527,2015,25524.955,95.7,91.19198223,2012,23812.87849,92.0999999,89.04713765,2013,24791.39466,97.54,95.57252626
Syrian Arab Republic,SYR,0,0,,,,,,,,,,,,,,,,,,,,,,,,,,,,,,,,,,,,,,,,,,,
Turks and Caicos Islands,TCA,1,0,,,,,,,,,,,,,,,,,,,,,,,,,,,,,,,,,,,,,,,,,,,
Chad,TCD,0,0,44.17700862,2043.544231,49.79464234,38.41639893,32.045149,54.20662402,46.42222881,2011,1862.351166,46.19440079,59.7524881,2013,2005.214796,38.05709076,39.83679657,2015,2043.544231,86.13,62.379738,2014,2073.957725,45.16416184,50.56415378,2010,1923.709839,1.6,2.305305014,2015,2043.544231,12.1,14.75596395,2015,2043.544231,44.8,49.33433405,2015,2043.544231,60.09999847,54.20662402,2011,1862.351166,35.18,46.42222881
Togo,TGO,0,0,66.09189676,1371.564167,95.1811643,67.37557612,34.55452423,91.05205264,42.29616652,2011,1255.087825,71.89398193,95.04852017,2014,1336.368954,85.10816956,95.31380844,2015,1371.564167,92.16,87.4556443,2014,1336.368954,57.38783979,87.01370106,2014,1336.368954,17.3,27.65738302,2015,1371.564167,11.6,16.39980352,2015,1371.564167,44.2,52.70924495,2014,1336.368954,72.5,91.05205264,2011,1255.087825,25.46,42.29616652
Thailand,THA,0,0,90.81282069,15346.64689,91.27165528,91.77486416,93.95570904,78.356806,98.70506898,2015,15346.64689,95.35299,96.12354032,2014,14975.96022,93.55020905,86.41977024,2015,15346.64689,98.77,97.34558453,2014,14975.96022,77.84700178,84.18841927,2009,12662.99363,77.5,93.79058868,2015,15346.64689,93,91.14427019,2015,15346.64689,98,96.76714789,2012,14584.67251,83.70000076,78.356806,2013,14914.96925,99.08,98.70506898
Tajikistan,TJK,0,0,76.00704489,2661.384595,94.45370645,73.09849222,85.43973355,75.84199107,51.20130117,2013,2460.418483,70.14524841,88.9074129,2015,2661.384595,99.5581131,100,2015,2661.384595,95.52,92.51808901,2014,2567.037718,71.71476029,91.04173436,2012,2343.165165,25.8,35.73565329,2015,2661.384595,95,100,2015,2661.384595,66.7,70.8794671,2012,2343.165165,73.20000076,75.84199107,2014,2567.037718,43.33,51.20130117
Turkmenistan,TKM,0,0,,15527.40393,,69.25884996,47.26006158,77.53671524,,2014,14761.89752,61.27735901,61.98861445,,,,,2015,15527.40393,94.86,84.96347,2014,14761.89752,64.37296269,65.88005751,2006,7137.239477,46,56.93302238,2006,7137.239477,62.7,63.70991626,2006,7137.239477,34.6,30.81020691,2006,7137.239477,81.10000038,77.53671524,,,,
Timor-Leste,TMP,0,0,58.90485404,2253.167827,100,72.49306061,56.96063086,34.57168556,30.49889319,2010,1944.732775,81.79060364,100,2014,2211.428897,98.41300964,100,2015,2253.167827,94.74,91.14744108,2014,2211.428897,72.46634623,96.00419582,2010,1944.732775,21.1,30.32754494,2015,2253.167827,40.6,48.25263671,2015,2253.167827,60.5,65.66862502,2013,2140.867559,49.79999924,34.57168556,2007,1413.206579,19.99,30.49889319
Tonga,TON,0,0,,5198.345314,,74.15071455,97.41625125,96.80883563,96.01833007,,,,,2013,4959.328507,110.9362717,100,2015,5198.345314,98.33,98.32785407,2014,5040.294114,76.76106114,88.75312432,2012,5137.447844,28,35.37116526,2015,5198.345314,91,94.8325025,2015,5198.345314,99.6,100,2012,5137.447844,91.89999962,96.80883563,2009,4845.414987,91.81,96.01833007
Trinidad and Tobago,TTO,1,0,,31283.55002,,71.56804462,87.01316795,,,,,,,2010,31261.02474,94.88748169,84.70627168,2015,31283.55002,97.96,94.18953111,2014,31595.79328,72.56895003,75.62966015,2006,29777.6356,37.7,44.8849426,2015,31283.55002,91.5,85.03953045,2015,31283.55002,95.1,88.98680546,,,,,,,,
Tunisia,TUN,0,0,89.16065091,10769.93325,92.17026385,83.28252076,90.94289062,89.25182457,90.15575474,2015,10769.93325,80.63459,84.85128945,2014,10782.09617,99.72470093,99.48923826,2015,10769.93325,98.6,97.3192878,2014,10782.09617,82.41684782,91.64023774,2012,10409.21246,50,60.88803673,2015,10769.93325,91.6,91.03601647,2015,10769.93325,93.2,90.84976478,2012,10409.21246,89.89999962,89.25182457,2010,10437.08855,91.59,90.15575474
Turkey,TUR,0,1,91.70760713,19460.48213,97.62312696,81.20199876,96.37241285,87.45147617,95.88902093,2013,18750.45597,95.7607193,95.61273354,2012,18326.4323,99.84850311,99.63352038,2015,19460.48213,98.65,96.71307177,2014,18992.78144,82.7312733,90.17832267,2013,18750.45597,47.3,56.71460184,2015,19460.48213,94.9,92.7448257,2015,19460.48213,100,100,2013,18750.45597,90.5,87.45147617,2013,18750.45597,97.38,95.88902093
Tuvalu,TUV,0,0,,3687.484226,,,95.36053998,99.47577825,93.67002116,,,,,2014,3600.915677,93.24324036,92.76534822,2015,3687.484226,97.29,96.43473192,,,,,2007,3230.441115,22.4,29.58527419,2013,3528.227653,83.3,90.86063708,2015,3687.484226,97,99.86044289,2007,3230.441115,90,99.47577825,2010,3221.923174,83.72,93.67002116
Tanzania,TZA,0,0,53.23623451,2510.03566,71.13652357,69.69463896,33.38635284,62.38908868,29.57456849,2013,2335.963263,52.29811859,66.56130685,2013,2335.963263,73.66584015,75.71174029,2015,2510.03566,95.13,91.62570223,2014,2421.208028,63.4917963,78.75220393,2010,2111.195068,27.4,38.70601071,2015,2510.03566,15.6,18.08168056,2015,2510.03566,45.5,48.69102511,2011,2206.910779,65.20000076,62.38908868,2011,2206.910779,23.9,29.57456849
Uganda,UGA,0,0,62.49903805,1738.4625,70.792102,67.65197055,55.16196752,70.30960411,48.57954609,2011,1665.470433,62.84164047,81.85222171,2013,1677.615427,55.6092186,59.73198229,2015,1738.4625,94.54,92.96403594,2014,1708.088875,54.79806405,72.17853159,2014,1708.088875,25.5,37.81334412,2015,1738.4625,19.1,24.49829269,2015,1738.4625,75.8,85.82564234,2011,1665.470433,66.29999924,70.30960411,2012,1673.626473,35.05,48.57954609
Ukraine,UKR,0,0,,7456.930217,100,77.87029958,97.3375525,,99.87419638,2014,8243.473515,96.11341858,100,2014,8243.473515,110.4454498,100,2015,7456.930217,99.1,99.69425166,2014,8243.473515,70.38060219,76.17366469,2012,8322.173034,47,57.74298239,2015,7456.930217,95.9,97.16593781,2015,7456.930217,97.8,97.50916719,,,,,2014,8243.473515,99.88,99.87419638
Uruguay,URY,1,0,92.30114464,19952.25325,94.97820394,92.73319994,91.89024994,84.0091844,97.89488496,2010,17082.40972,89.86872864,89.95640788,2013,19270.77966,103.0989914,100,2015,19952.25325,98.99,97.76246641,2014,19827.73894,82.51865074,89.78876133,2004,12080.45626,74.8,90.64837208,2015,19952.25325,96.4,94.79855284,2015,19952.25325,93.9,88.98194704,2011,17904.81986,88.30000019,84.0091844,2014,19827.73894,98.7,97.89488496
United States,USA,1,1,,52704.19888,,90.92426115,97.33587941,100,,2014,51775.0903,96.39418793,93.87521656,,,,,2015,52704.19888,99.35,98.31852714,2014,51775.0903,84.51800347,91.03440092,2010,49372.83148,70.4,83.41985539,2015,52704.19888,100,100,2015,52704.19888,98.2,94.67175881,2012,50502.76025,97.9000001,100,,,,
Uzbekistan,UZB,0,0,,5716.495922,87.28502577,81.9999732,90.89367416,83.19472208,,2015,5716.495922,68.98368,79.71745912,2011,4469.997484,95.67759705,94.85259242,2015,5716.495922,96.09,90.75809871,2014,5386.18617,69.07882928,76.9873008,2006,3253.221059,59.3,78.2545201,2015,5716.495922,100,100,2012,4765.860109,80.9,81.78734832,2006,3253.221059,80.39999962,83.19472208,,,,
St. Vincent and the Grenadines,VCT,0,0,,10462.41027,,,84.33111406,,,,,,,2014,10306.93968,100.5336227,100,2015,10462.41027,98.17,96.00172579,2014,10306.93968,76.81048567,84.09324474,,,,,2007,10248.79607,76.1,75.18739702,2015,10462.41027,95.1,93.47483109,,,,,,,,
"Venezuela, RB",VEN,0,0,,,89.68971445,,78.99543532,81.5567129,78.91230505,2009,17071.07923,87.78134918,87.86965994,2014,16769.32678,96.2423172,91.50976896,2014,16769.32678,98.47,96.29544172,2014,16769.32678,77.89359918,83.94178329,,,,,2014,16769.32678,94.4,92.59152784,2014,16769.32678,77.9,65.39934281,2009,17071.07923,86.60000038,81.5567129,2006,16160.12356,85.1,78.91230505
British Virgin Islands,VGB,1,0,,,,,,,,,,,,,,,,,,,,,,,,,,,,,,,,,,,,,,,,,,,
Virgin Islands (U.S.),VIR,1,0,,,,,,,,,,,,,,,,,,,,,,,,,,,,,,,,,,,,,,,,,,,
Vietnam,VNM,0,0,,5667.410939,,86.73810604,88.83475368,73.68217447,90.86284874,,,,,2014,5370.20998,106.2114716,100,2015,5667.410939,97.83,96.40831199,2014,5370.20998,79.51741932,92.1558339,2014,5370.20998,56.9,71.65017224,2015,5667.410939,78,80.65602586,2015,5667.410939,96.9,97.0134815,2010,4486.261073,76.70000076,73.68217447,2014,5370.20998,87.98,90.86284874
Vanuatu,VUT,0,0,,2806.270013,,81.52647399,81.87111528,69.62438395,69.8254695,,,,,2013,2889.926817,93.77026367,94.3844593,2015,2806.270013,97.25,97.95080022,2014,2891.972916,77.50715035,97.84755492,2013,2889.926817,36.4,48.78106682,2015,2806.270013,57.9,65.60773455,2015,2806.270013,92.9,98.13449601,2013,2889.926817,71.5,69.62438395,2010,2947.983034,61.2,69.8254695
West Bank and Gaza,WBG,0,0,92.79870319,4714.924628,92.8979751,81.55752919,89.78712737,99.75088431,100,2015,4714.924628,75.47503,89.46107712,2014,4319.52829,96.87391663,96.33487307,2015,4714.924628,97.89,97.27460195,2014,4319.52829,79.29149429,94.17992682,2010,4162.701638,41.4,53.2180588,2015,4714.924628,92.3,97.1255325,2015,4714.924628,81.5,82.44872225,2014,4319.52829,92.5999999,99.75088431,2009,4187.253214,99.08,100
Samoa,WSM,0,0,,5574.067711,,73.67270428,97.1267218,,93.97102333,,,,,2014,5523.946701,100.4744415,100,2015,5574.067711,98.25,97.82177011,2014,5523.946701,78.01632356,89.72157337,2009,5417.932811,26.6,33.47476936,2015,5574.067711,91.5,94.75178981,2015,5574.067711,99.3,99.50165378,,,,,2008,5730.694525,91.65,93.97102333
"Yemen, Rep.",YEM,0,0,,2649.313008,66.45119525,67.76840749,52.65194169,36.43430272,,2011,3807.949007,54.77584076,66.58558781,2013,3879.327974,69.16758728,66.31680269,2015,2649.313008,95.81,93.52532376,2014,3775.819027,63.46645018,71.9887166,2013,3879.327974,29.2,37.79118212,2012,3797.556025,53.3,57.54471758,2012,3797.556025,46.5,47.75916581,2013,3879.327974,53.20000076,36.43430272,,,,
South Africa,ZAF,0,0,,12393.25546,,66.82387572,68.25520604,67.88721922,58.03426718,2013,12426.33516,75.13661194,77.51964246,,,,,2015,12393.25546,95.95,88.68549023,2014,12434.0471,44.46245117,39.01965874,2004,10640.93327,59.8,72.7664782,2015,12393.25546,66.4,62.48965228,2015,12393.25546,81.4,74.02075981,2008,12196.60933,76.10000038,67.88721922,2011,12243.87909,65.32,58.03426718
"Congo, Dem. Rep.",ZAR,0,0,76.22661628,736.6802449,87.27862925,70.38548972,58.59796098,100,64.87100143,2013,673.393848,59.44768906,80.35219176,2013,673.393848,66.76748657,94.20506675,2015,736.6802449,90.17,92.93511318,2014,711.0169497,56.7685979,100,2014,711.0169497,7.8,18.22135597,2015,736.6802449,28.7,69.65973601,2015,736.6802449,31.2,47.53618596,2013,673.393848,57.40000153,100,2012,640.5886153,9.3,64.87100143
Zambia,ZMB,0,0,,3602.326756,,68.47836007,50.32795522,48.17657276,23.57884258,,,,,2013,3554.892293,81.00904846,79.88125267,2015,3602.326756,93.6,84.39260937,2014,3609.312938,57.00103254,62.62407237,2014,3609.312938,44.8,58.41839846,2015,3602.326756,43.9,47.74184495,2015,3602.326756,51.3,52.91406549,2013,3554.892293,60,48.17657276,2010,3263.394717,21.13,23.57884258
Zimbabwe,ZWE,0,0,78.60345862,1677.969628,86.93466615,82.72058749,62.26113487,81.6781674,79.4227372,2013,1684.226271,59.14833069,76.99024244,2013,1684.226271,90.24906158,96.87908986,2015,1677.969628,92.93,87.70679984,2014,1709.144002,49.41923693,62.15607277,2014,1709.144002,66.3,98.29888985,2015,1677.969628,36.8,47.79844154,2015,1677.969628,67.3,76.7238282,2014,1709.144002,72.39999962,81.6781674,2011,1523.621784,54.5,79.4227372
